"Method","N","Mean","SD","P5","Median","P95","Min","Max","L1_MAE","L2_Norm","Cor_with_RCT","Cor_with_OBS","RMSE_vs_RCT","RMSE_vs_OBS","Prop_abs_x_lt_1e4"
"OBS: f̂_o(x)",16537,-0.00432767676493897,0.0116514607279841,-0.0248489864585746,-0.00436907510394178,0.0147818399293919,-0.054351493126421,0.031137078733692,0.00988485320677954,1.5983078659957,-0.143469655453693,1,0.0247626583913387,0,0.00562375279675878
"RCT: f̂_r(x)",16537,0.00534495622615101,0.0179930240144961,-0.0240179644925512,0.00527252077955097,0.0344447553995357,-0.106327072051656,0.125260839475255,0.014964075835201,2.41370053166087,1,-0.143469655453693,0,0.0247626583913387,0.00453528451351515
"Combined λ_URE: f̂_c(x)",16537,0.000275014013077193,0.00977752745030994,-0.0154471939603163,0.0001451634924758,0.0161229994578168,-0.0611967607681477,0.0542667327664453,0.00780655160746062,1.25781280396464,0.786060769681284,0.498978429854097,0.0129794283730006,0.0117832300183382,0.0093729213279313
"Combined λ₂ (Row-Specific): f̂_c2(x)",16537,0.00344753619148926,0.0151105639192094,-0.0210290477861513,0.0031069064019705,0.0285013095630314,-0.116831582101632,0.120238526138175,0.0122887684491843,1.99303820853216,0.851918096281826,0.0782977592666694,0.00961383518494088,0.0199235799263971,0.00447481405333495
"Combined MM1: ψ̂_MM1(x)",16537,-0.000826805855458965,0.00256166366606578,-0.00519596111574351,-0.00080666701729618,0.00292832120124254,-0.00749131734706335,0.00616344550269626,0.0021809018566653,0.346144554688707,0.196764269141511,0.777588254021899,0.0187148138292236,0.0103995870261011,0.0340448690814537
"Combined MM2: ψ̂_MM2(x)",16537,-0.000649036370862191,0.0026288262659103,-0.00513099018229326,-0.000679038464248663,0.00347123174351781,-0.00735964946020421,0.00647868610042828,0.00222068071273152,0.348198179491644,0.381788219298866,0.713821105031681,0.0181783443548809,0.0106049739665732,0.0204994860010885
